datetime,site,status,http_code,response_time_sec,error_type
2026-09-15 16:00:36,ACTE,DOWN,200,0.87,content_missing
2026-09-15 16:01:11,Pantis,DOWN,200,1.28,content_missing
2026-09-15 16:08:02,ACTE,UP,200,0.66,
2026-09-15 16:08:05,Pantis,UP,200,1.4,
2026-09-15 18:09:07,ACTE,UP,200,0.78,
2026-09-15 18:09:08,Pantis,UP,200,1.18,
2026-09-15 18:18:02,ACTE,DOWN,200,0.81,content_missing
2026-09-15 18:18:05,Pantis,UP,200,1.72,
2026-09-15 18:25:32,ACTE,DOWN,200,1.02,content_missing
2026-09-15 18:25:34,Pantis,UP,200,1.64,
2026-09-15 18:34:29,ACTE,UP,200,0.96,
2026-09-15 18:34:33,Pantis,UP,200,1.83,
2026-09-15 20:19:52,ACTE,UP,200,0.87,
2026-09-15 20:19:54,Pantis,UP,200,1.45,
2026-09-15 23:17:02,ACTE,UP,200,0.74,
2026-09-15 23:17:04,Pantis,UP,200,1.26,
2026-09-16 01:54:47,ACTE,UP,200,0.84,
2026-09-16 01:54:49,Pantis,UP,200,1.51,
2026-09-16 03:51:28,ACTE,DOWN,,0.19,connection_error
2026-09-16 03:51:31,Pantis,UP,200,1.56,
2026-09-16 08:21:33,ACTE,UP,200,1.05,
2026-09-16 08:21:36,Pantis,UP,200,1.42,
2026-09-16 13:02:59,ACTE,UP,200,1.06,
2026-09-16 13:03:01,Pantis,UP,200,1.72,
2026-09-16 17:47:03,ACTE,UP,200,1.04,
2026-09-16 17:47:05,Pantis,UP,200,1.46,
2026-09-16 21:27:42,ACTE,UP,200,0.98,
2026-09-16 21:27:44,Pantis,UP,200,1.22,
2026-09-17 00:29:57,ACTE,UP,200,0.95,
2026-09-17 00:30:00,Pantis,UP,200,1.5,
2026-09-17 02:44:16,ACTE,UP,200,1.01,
2026-09-17 02:44:18,Pantis,UP,200,1.59,
2026-09-17 04:42:29,ACTE,UP,200,0.74,
2026-09-17 04:42:31,Pantis,UP,200,1.29,
2026-09-17 09:38:33,ACTE,UP,200,1.01,
2026-09-17 09:38:35,Pantis,UP,200,1.72,
2026-09-17 15:01:15,ACTE,UP,200,0.81,
2026-09-17 15:01:17,Pantis,UP,200,1.32,
2026-09-17 19:32:34,ACTE,UP,200,1.02,
2026-09-17 19:32:37,Pantis,UP,200,1.33,
2026-09-17 22:48:27,ACTE,UP,200,0.89,
2026-09-17 22:48:29,Pantis,UP,200,1.45,
2026-09-18 01:26:52,ACTE,UP,200,1.02,
2026-09-18 01:26:55,Pantis,UP,200,1.61,
2026-09-18 03:31:47,ACTE,UP,200,0.8,
2026-09-18 03:31:49,Pantis,UP,200,1.28,
2026-09-18 08:03:00,ACTE,UP,200,1.09,
2026-09-18 08:03:02,Pantis,UP,200,1.74,
2026-09-18 12:34:49,ACTE,UP,200,0.8,
2026-09-18 12:34:51,Pantis,UP,200,1.32,
2026-09-18 16:46:23,ACTE,UP,200,0.72,
2026-09-18 16:46:25,Pantis,UP,200,1.32,
2026-09-18 20:14:33,ACTE,UP,200,0.78,
2026-09-18 20:14:35,Pantis,UP,200,1.34,
2026-09-18 22:35:40,ACTE,UP,200,0.98,
2026-09-18 22:35:42,Pantis,UP,200,1.35,
2026-09-19 00:48:40,ACTE,UP,200,0.73,
2026-09-19 00:48:41,Pantis,UP,200,1.3,
2026-09-19 02:37:02,ACTE,UP,200,0.75,
2026-09-19 02:37:04,Pantis,UP,200,1.49,
2026-09-19 04:31:59,ACTE,UP,200,0.73,
2026-09-19 04:32:01,Pantis,UP,200,1.17,
2026-09-19 09:25:58,ACTE,UP,200,0.85,
2026-09-19 09:26:00,Pantis,UP,200,1.41,
2026-09-19 14:14:42,ACTE,UP,200,0.65,
2026-09-19 14:14:44,Pantis,UP,200,1.25,
2026-09-19 17:25:19,ACTE,UP,200,0.86,
2026-09-19 17:25:21,Pantis,UP,200,1.43,
2026-09-19 20:20:12,ACTE,UP,200,1.07,
2026-09-19 20:20:15,Pantis,UP,200,1.78,
2026-09-19 22:22:09,ACTE,UP,200,0.94,
2026-09-19 22:22:11,Pantis,UP,200,1.35,
2026-09-20 00:30:09,ACTE,UP,200,0.84,
2026-09-20 00:30:11,Pantis,UP,200,1.33,
2026-09-20 02:20:44,ACTE,UP,200,0.75,
2026-09-20 02:20:46,Pantis,UP,200,1.5,
2026-09-20 04:17:07,ACTE,UP,200,0.74,
2026-09-20 04:17:09,Pantis,UP,200,1.25,
2026-09-20 09:20:40,ACTE,UP,200,0.66,
2026-09-20 09:20:41,Pantis,UP,200,1.31,
2026-09-20 14:34:53,ACTE,UP,200,0.68,
2026-09-20 14:34:54,Pantis,UP,200,1.3,
2026-09-20 17:48:54,ACTE,UP,200,0.97,
2026-09-20 17:48:56,Pantis,UP,200,1.65,
2026-09-20 20:42:03,ACTE,UP,200,0.72,
2026-09-20 20:42:05,Pantis,UP,200,1.41,
2026-09-20 22:43:23,ACTE,UP,200,0.77,
2026-09-20 22:43:25,Pantis,UP,200,1.14,
2026-09-21 00:50:11,ACTE,UP,200,0.84,
2026-09-21 00:50:13,Pantis,UP,200,1.55,
2026-09-21 02:35:12,ACTE,UP,200,0.79,
2026-09-21 02:35:14,Pantis,UP,200,1.37,
2026-09-21 04:32:32,ACTE,UP,200,1.07,
2026-09-21 04:32:34,Pantis,UP,200,1.62,
2026-09-21 09:56:56,ACTE,UP,200,0.99,
2026-09-21 09:56:58,Pantis,UP,200,1.47,
2026-09-21 16:29:45,ACTE,UP,200,0.98,
2026-09-21 16:29:47,Pantis,UP,200,1.28,
2026-09-21 21:51:20,ACTE,UP,200,1.03,
2026-09-21 21:51:22,Pantis,UP,200,1.58,
2026-09-22 01:19:22,ACTE,UP,200,0.82,
2026-09-22 01:19:24,Pantis,UP,200,1.44,
2026-09-22 03:53:25,ACTE,UP,200,0.74,
2026-09-22 03:53:28,Pantis,UP,200,1.9,
2026-09-22 08:29:59,ACTE,UP,200,0.63,
2026-09-22 08:30:00,Pantis,UP,200,1.14,
2026-09-22 13:12:27,ACTE,UP,200,1.06,
2026-09-22 13:12:29,Pantis,UP,200,1.37,
2026-09-22 17:50:19,ACTE,UP,200,0.96,
2026-09-22 17:50:21,Pantis,UP,200,1.31,
2026-09-22 21:20:50,ACTE,UP,200,0.77,
2026-09-22 21:20:51,Pantis,UP,200,1.3,
2026-09-23 00:26:57,ACTE,UP,200,0.79,
2026-09-23 00:26:58,Pantis,UP,200,1.28,
2026-09-23 02:40:44,ACTE,UP,200,0.91,
2026-09-23 02:40:45,Pantis,UP,200,1.07,
2026-09-23 04:45:50,ACTE,UP,200,0.71,
2026-09-23 04:45:51,Pantis,UP,200,0.72,
2026-09-23 09:42:13,ACTE,UP,200,0.77,
2026-09-23 09:42:14,Pantis,UP,200,0.67,
2026-09-23 15:08:34,ACTE,UP,200,0.69,
2026-09-23 15:08:36,Pantis,UP,200,0.63,
2026-09-23 19:50:32,ACTE,UP,200,1.04,
2026-09-23 19:50:34,Pantis,UP,200,1.11,
2026-09-23 22:52:47,ACTE,UP,200,0.68,
2026-09-23 22:52:48,Pantis,UP,200,0.7,
2026-09-24 01:29:14,ACTE,UP,200,0.95,
2026-09-24 01:29:16,Pantis,UP,200,1.12,
2026-09-24 03:42:13,ACTE,UP,200,0.92,
2026-09-24 03:42:15,Pantis,UP,200,1.33,
2026-09-24 08:24:31,ACTE,UP,200,0.64,
2026-09-24 08:24:32,Pantis,UP,200,0.64,
2026-09-24 13:13:48,ACTE,UP,200,0.99,
2026-09-24 13:13:50,Pantis,UP,200,1.13,
2026-09-24 18:04:50,ACTE,UP,200,0.76,
2026-09-24 18:04:51,Pantis,UP,200,0.87,
2026-09-24 22:01:30,ACTE,UP,200,0.86,
2026-09-24 22:01:31,Pantis,UP,200,0.94,
2026-09-25 01:07:22,ACTE,UP,200,0.62,
2026-09-25 01:07:23,Pantis,UP,200,0.63,
2026-09-25 03:29:51,ACTE,UP,200,0.98,
2026-09-25 03:29:52,Pantis,UP,200,0.8,
2026-09-25 08:12:54,ACTE,UP,200,0.92,
2026-09-25 08:12:55,Pantis,UP,200,1.05,
2026-09-25 13:10:42,ACTE,UP,200,0.68,
2026-09-25 13:10:43,Pantis,UP,200,0.66,
2026-09-25 18:13:10,ACTE,UP,200,0.8,
2026-09-25 18:13:11,Pantis,UP,200,0.63,
2026-09-25 22:14:26,ACTE,UP,200,0.69,
2026-09-25 22:14:27,Pantis,UP,200,0.59,
2026-09-26 01:19:35,ACTE,UP,200,0.8,
2026-09-26 01:19:36,Pantis,UP,200,0.85,
2026-09-26 03:39:54,ACTE,UP,200,0.74,
2026-09-26 03:39:55,Pantis,UP,200,0.86,
2026-09-26 08:25:44,ACTE,UP,200,0.74,
2026-09-26 08:25:46,Pantis,UP,200,0.75,
2026-09-26 12:58:37,ACTE,UP,200,0.95,
2026-09-26 12:58:39,Pantis,UP,200,1.3,
2026-09-26 17:01:49,ACTE,UP,200,0.74,
2026-09-26 17:01:50,Pantis,UP,200,0.81,
2026-09-26 20:40:37,ACTE,UP,200,0.68,
2026-09-26 20:40:38,Pantis,UP,200,0.78,
2026-09-26 23:07:25,ACTE,UP,200,0.79,
2026-09-26 23:07:27,Pantis,UP,200,0.91,
2026-09-27 01:42:09,ACTE,UP,200,0.97,
2026-09-27 01:42:10,Pantis,UP,200,0.99,
2026-09-27 03:51:40,ACTE,UP,200,1.0,
2026-09-27 03:51:41,Pantis,UP,200,0.84,
2026-09-27 08:52:05,ACTE,UP,200,0.76,
2026-09-27 08:52:06,Pantis,UP,200,0.74,
2026-09-27 13:50:16,ACTE,UP,200,0.69,
2026-09-27 13:50:17,Pantis,UP,200,0.7,
2026-09-27 18:20:49,ACTE,UP,200,0.75,
2026-09-27 18:20:50,Pantis,UP,200,0.95,
2026-09-27 22:02:07,ACTE,UP,200,0.76,
2026-09-27 22:02:10,Pantis,UP,200,1.02,
2026-09-28 00:56:58,ACTE,UP,200,0.71,
2026-09-28 00:57:00,Pantis,UP,200,0.85,
2026-09-28 03:09:13,ACTE,UP,200,0.68,
2026-09-28 03:09:14,Pantis,UP,200,1.09,
2026-09-28 08:15:53,ACTE,UP,200,0.69,
2026-09-28 08:15:55,Pantis,UP,200,0.8,
2026-09-28 14:42:24,ACTE,UP,200,0.9,
2026-09-28 14:42:26,Pantis,UP,200,0.95,
2026-09-28 21:43:17,ACTE,UP,200,0.93,
2026-09-28 21:43:18,Pantis,UP,200,0.88,
2026-09-29 02:30:24,ACTE,UP,200,0.76,
2026-09-29 02:30:25,Pantis,UP,200,0.67,
2026-09-29 05:39:40,ACTE,UP,200,1.04,
2026-09-29 05:39:42,Pantis,UP,200,1.1,
2026-09-29 12:00:22,ACTE,UP,200,1.06,
2026-09-29 12:00:24,Pantis,UP,200,1.03,
2026-09-29 18:24:47,ACTE,UP,200,0.84,
2026-09-29 18:24:49,Pantis,UP,200,0.73,
2026-09-29 23:02:56,ACTE,UP,200,1.34,
2026-09-29 23:02:58,Pantis,UP,200,0.61,
2026-09-30 02:36:40,ACTE,UP,200,0.71,
2026-09-30 02:36:41,Pantis,UP,200,0.63,
2026-09-30 05:19:54,ACTE,UP,200,0.83,
2026-09-30 05:19:56,Pantis,UP,200,0.8,
2026-09-30 11:40:58,ACTE,UP,200,0.81,
2026-09-30 11:41:00,Pantis,UP,200,0.94,
2026-09-30 18:16:42,ACTE,UP,200,0.83,
2026-09-30 18:16:43,Pantis,UP,200,0.67,
2026-09-30 23:02:56,ACTE,UP,200,0.76,
2026-09-30 23:02:57,Pantis,UP,200,0.69,
2026-10-01 02:38:46,ACTE,UP,200,1.04,
2026-10-01 02:38:47,Pantis,UP,200,1.09,
2026-10-01 05:22:26,ACTE,UP,200,0.98,
2026-10-01 05:22:28,Pantis,UP,200,0.97,
2026-10-01 12:05:33,ACTE,UP,200,0.85,
2026-10-01 12:05:34,Pantis,UP,200,0.8,
2026-10-01 19:19:07,ACTE,UP,200,0.87,
2026-10-01 19:19:09,Pantis,UP,200,0.95,
2026-10-02 00:04:16,ACTE,UP,200,0.97,
2026-10-02 00:04:18,Pantis,UP,200,0.99,
2026-10-02 03:39:57,ACTE,UP,200,1.01,
2026-10-02 03:39:58,Pantis,UP,200,1.05,
2026-10-02 09:09:10,ACTE,UP,200,1.02,
2026-10-02 09:09:12,Pantis,UP,200,0.84,
2026-10-02 15:24:58,ACTE,UP,200,0.92,
2026-10-02 15:25:00,Pantis,UP,200,0.81,
2026-10-02 20:55:33,ACTE,UP,200,1.22,
2026-10-02 20:55:34,Pantis,UP,200,0.85,
2026-10-03 00:29:49,ACTE,UP,200,0.87,
2026-10-03 00:29:50,Pantis,UP,200,0.99,
2026-10-03 03:36:51,ACTE,UP,200,0.99,
2026-10-03 03:36:53,Pantis,UP,200,1.06,
2026-10-03 08:41:06,ACTE,UP,200,0.95,
2026-10-03 08:41:07,Pantis,UP,200,0.97,
2026-10-03 13:36:08,ACTE,UP,200,0.97,
2026-10-03 13:36:09,Pantis,UP,200,1.0,
2026-10-03 17:51:29,ACTE,UP,200,0.92,
2026-10-03 17:51:30,Pantis,UP,200,0.76,
2026-10-03 21:20:13,ACTE,UP,200,1.27,
2026-10-03 21:20:15,Pantis,UP,200,1.1,
2026-10-04 00:24:10,ACTE,UP,200,0.87,
2026-10-04 00:24:11,Pantis,UP,200,1.03,
2026-10-04 02:55:08,ACTE,UP,200,0.72,
2026-10-04 02:55:09,Pantis,UP,200,0.79,
2026-10-04 05:55:12,ACTE,UP,200,0.75,
2026-10-04 05:55:13,Pantis,UP,200,0.92,
2026-10-04 11:53:01,ACTE,UP,200,1.14,
2026-10-04 11:53:02,Pantis,UP,200,0.89,
2026-10-04 17:26:24,ACTE,UP,200,0.77,
2026-10-04 17:26:26,Pantis,UP,200,0.88,
2026-10-04 21:14:30,ACTE,UP,200,2.19,
2026-10-04 21:14:31,Pantis,UP,200,0.77,
2026-10-05 00:23:56,ACTE,UP,200,0.99,
2026-10-05 00:23:57,Pantis,UP,200,1.0,
2026-10-05 03:00:10,ACTE,UP,200,1.05,
2026-10-05 03:00:12,Pantis,UP,200,1.08,
2026-10-05 07:23:21,ACTE,UP,200,0.88,
2026-10-05 07:23:23,Pantis,UP,200,0.79,
2026-10-05 14:39:20,ACTE,UP,200,2.46,
2026-10-05 14:39:22,Pantis,UP,200,0.99,
2026-10-05 22:49:06,ACTE,UP,200,0.82,
2026-10-05 22:49:08,Pantis,UP,200,0.86,
2026-10-06 03:57:28,ACTE,UP,200,0.89,
2026-10-06 03:57:29,Pantis,UP,200,1.08,
2026-10-06 10:03:47,ACTE,UP,200,0.79,
2026-10-06 10:03:48,Pantis,UP,200,1.13,
2026-10-06 17:07:21,ACTE,UP,200,1.0,
2026-10-06 17:07:23,Pantis,UP,200,1.04,
2026-10-06 22:27:54,ACTE,UP,200,0.92,
2026-10-06 22:27:55,Pantis,UP,200,1.02,
2026-10-07 02:10:36,ACTE,UP,200,0.98,
2026-10-07 02:10:38,Pantis,UP,200,1.07,
2026-10-07 05:19:33,ACTE,UP,200,0.71,
2026-10-07 05:19:34,Pantis,UP,200,1.23,
2026-10-07 11:48:06,ACTE,UP,200,0.94,
2026-10-07 11:48:08,Pantis,UP,200,1.46,
2026-10-07 18:47:58,ACTE,UP,200,1.07,
2026-10-07 18:48:00,Pantis,UP,200,1.08,
2026-10-07 23:48:01,ACTE,UP,200,0.88,
2026-10-07 23:48:02,Pantis,UP,200,1.04,
2026-10-08 03:26:03,ACTE,UP,200,0.98,
2026-10-08 03:26:06,Pantis,UP,200,1.39,
2026-10-08 09:22:12,ACTE,UP,200,0.96,
2026-10-08 09:22:14,Pantis,UP,200,1.28,
2026-10-08 16:42:53,ACTE,UP,200,0.88,
2026-10-08 16:42:55,Pantis,UP,200,1.1,
2026-10-08 22:26:23,ACTE,UP,200,0.81,
2026-10-08 22:26:25,Pantis,UP,200,1.37,
2026-10-09 02:48:56,ACTE,UP,200,1.06,
2026-10-09 02:48:58,Pantis,UP,200,1.34,
2026-10-09 06:07:15,ACTE,UP,200,1.03,
2026-10-09 06:07:17,Pantis,UP,200,1.36,
2026-10-09 13:24:22,ACTE,UP,200,1.06,
2026-10-09 13:24:24,Pantis,UP,200,1.31,
2026-10-09 20:04:09,ACTE,UP,200,1.06,
2026-10-09 20:04:11,Pantis,UP,200,1.28,
2026-10-10 00:34:32,ACTE,UP,200,0.9,
2026-10-10 00:34:33,Pantis,UP,200,1.08,
2026-10-10 04:10:18,ACTE,UP,200,0.93,
2026-10-10 04:10:20,Pantis,UP,200,1.46,
2026-10-10 10:00:33,ACTE,UP,200,0.87,
2026-10-10 10:00:35,Pantis,UP,200,1.07,
2026-10-10 16:19:43,ACTE,UP,200,0.91,
2026-10-10 16:19:45,Pantis,UP,200,1.27,
2026-10-10 20:53:44,ACTE,UP,200,0.85,
2026-10-10 20:53:46,Pantis,UP,200,0.92,
2026-10-10 23:44:25,ACTE,UP,200,0.95,
2026-10-10 23:44:27,Pantis,UP,200,1.26,
2026-10-11 02:50:42,ACTE,UP,200,0.85,
2026-10-11 02:50:43,Pantis,UP,200,1.02,
